Series Name,Series Code,Country Name,Country Code,1990 [YR1990],2000 [YR2000],2010 [YR2010],2011 [YR2011],2012 [YR2012],2013 [YR2013],2014 [YR2014],2015 [YR2015],2016 [YR2016],2017 [YR2017],2018 [YR2018],2019 [YR2019]
"Labor force participation rate, female (% of female population ages 15+) (modeled ILO estimate)",SL.TLF.CACT.FE.ZS,Albania,ALB,53.7709999084473,51.7690010070801,45.693000793457,47.1040000915527,48.8059997558594,44.6500015258789,44.7890014648438,47.6759986877441,47.4589996337891,47.3120002746582,47.1910018920898,47.0810012817383
"Labor force participation rate, female (% of female population ages 15+) (modeled ILO estimate)",SL.TLF.CACT.FE.ZS,Andorra,AND,..,..,..,..,..,..,..,..,..,..,..,..
"Labor force participation rate, female (% of female population ages 15+) (modeled ILO estimate)",SL.TLF.CACT.FE.ZS,Armenia,ARM,48.9389991760254,48,49.5870018005371,52.0919990539551,51.9690017700195,52.6310005187988,51.9469985961914,51.1660003662109,49.4410018920898,49.4199981689453,49.5750007629395,49.673999786377
"Labor force participation rate, female (% of female population ages 15+) (modeled ILO estimate)",SL.TLF.CACT.FE.ZS,Austria,AUT,43.4329986572266,48.943000793457,53.5069999694824,53.8390007019043,54.3370018005371,54.5989990234375,54.5620002746582,54.5359992980957,54.9459991455078,54.8689994812012,54.826000213623,54.7459983825684
"Labor force participation rate, female (% of female population ages 15+) (modeled ILO estimate)",SL.TLF.CACT.FE.ZS,Azerbaijan,AZE,51.6940002441406,56.2589988708496,60.2229995727539,60.8139991760254,61.1040000915527,61.3230018615723,61.9230003356934,62.5169982910156,62.9630012512207,63.2620010375977,63.1129989624023,62.9160003662109
"Labor force participation rate, female (% of female population ages 15+) (modeled ILO estimate)",SL.TLF.CACT.FE.ZS,Belarus,BLR,53.2270011901855,53.310001373291,57.5400009155273,57.8610000610352,58.1360015869141,58.3580017089844,58.5270004272461,58.6419982910156,58.6650009155273,58.3950004577637,58.1269989013672,57.8269996643066
"Labor force participation rate, female (% of female population ages 15+) (modeled ILO estimate)",SL.TLF.CACT.FE.ZS,Belgium,BEL,36.5589981079102,43.5699996948242,47.4889984130859,46.8050003051758,46.8889999389648,47.5940017700195,48.0110015869141,48.023998260498,47.765998840332,47.8919982910156,47.8889999389648,47.867000579834
"Labor force participation rate, female (% of female population ages 15+) (modeled ILO estimate)",SL.TLF.CACT.FE.ZS,Bosnia and Herzegovina,BIH,41.2680015563965,38.640998840332,37.0639991760254,36.8370018005371,36.5470008850098,36.273998260498,35.9720001220703,35.6669998168945,35.2589988708496,35.726001739502,35.6279983520508,35.5209999084473
"Labor force participation rate, female (% of female population ages 15+) (modeled ILO estimate)",SL.TLF.CACT.FE.ZS,Bulgaria,BGR,54.4480018615723,44.2560005187988,47.6980018615723,47.2169990539551,47.8250007629395,48.5279998779297,48.6290016174316,48.632999420166,47.7649993896484,49.6269989013672,49.5299987792969,49.4160003662109
"Labor force participation rate, female (% of female population ages 15+) (modeled ILO estimate)",SL.TLF.CACT.FE.ZS,Channel Islands,CHI,46.0219993591309,49.398998260498,50.3079986572266,49.1059989929199,49.1129989624023,49.2229995727539,49.6599998474121,49.8549995422363,49.9440002441406,49.8950004577637,49.6349983215332,49.3810005187988
"Labor force participation rate, female (% of female population ages 15+) (modeled ILO estimate)",SL.TLF.CACT.FE.ZS,Croatia,HRV,47.3320007324219,45.3170013427734,46.193000793457,44.6259994506836,44.5559997558594,44.6119995117188,46.5060005187988,46.9900016784668,45.556999206543,45.8089981079102,45.7249984741211,45.6199989318848
"Labor force participation rate, female (% of female population ages 15+) (modeled ILO estimate)",SL.TLF.CACT.FE.ZS,Cyprus,CYP,46.2550010681152,49.6389999389648,57.6269989013672,56.8079986572266,56.181999206543,56.2700004577637,57.8190002441406,57.882999420166,56.9949989318848,57.257999420166,57.2449989318848,57.2000007629395
"Labor force participation rate, female (% of female population ages 15+) (modeled ILO estimate)",SL.TLF.CACT.FE.ZS,Czech Republic,CZE,51.9819984436035,51.6300010681152,49.2319984436035,49.4309997558594,50.0670013427734,50.9869995117188,50.9679985046387,51.4220008850098,52.064998626709,52.5369987487793,52.4420013427734,52.3339996337891
"Labor force participation rate, female (% of female population ages 15+) (modeled ILO estimate)",SL.TLF.CACT.FE.ZS,Denmark,DNK,61.0470008850098,60.0499992370605,59.798999786377,59.6300010681152,59.1069984436035,58.5859985351563,58.0099983215332,57.7080001831055,59.3120002746582,58.1020011901855,58.0460014343262,57.9889984130859
"Labor force participation rate, female (% of female population ages 15+) (modeled ILO estimate)",SL.TLF.CACT.FE.ZS,Estonia,EST,54.923999786377,52.6119995117188,55.0229988098145,55.560001373291,55.3600006103516,55.3380012512207,54.5900001525879,55.9910011291504,56.4720001220703,57.1380004882813,56.951000213623,56.7360000610352
"Labor force participation rate, female (% of female population ages 15+) (modeled ILO estimate)",SL.TLF.CACT.FE.ZS,Faroe Islands,FRO,..,..,..,..,..,..,..,..,..,..,..,..
"Labor force participation rate, female (% of female population ages 15+) (modeled ILO estimate)",SL.TLF.CACT.FE.ZS,Finland,FIN,58.976001739502,56.1870002746582,56.0260009765625,55.8129997253418,55.9459991455078,55.5,55.5050010681152,55.5209999084473,54.9560012817383,55.1599998474121,55.0050010681152,54.8549995422363
"Labor force participation rate, female (% of female population ages 15+) (modeled ILO estimate)",SL.TLF.CACT.FE.ZS,France,FRA,46.3289985656738,48.6049995422363,50.9230003356934,50.7729988098145,50.9329986572266,51.0810012817383,50.8330001831055,50.7290000915527,50.6759986877441,50.4379997253418,50.3390007019043,50.2490005493164
"Labor force participation rate, female (% of female population ages 15+) (modeled ILO estimate)",SL.TLF.CACT.FE.ZS,Georgia,GEO,58.1440010070801,54.625,56.023998260498,56.4259986877441,57.4690017700195,56.9550018310547,57.4160003662109,58.875,57.7369995117188,57.7309989929199,57.8359985351563,57.8880004882813
"Labor force participation rate, female (% of female population ages 15+) (modeled ILO estimate)",SL.TLF.CACT.FE.ZS,Germany,DEU,45.2280006408691,49.064998626709,52.7890014648438,53.6580009460449,53.7039985656738,54.3089981079102,54.5139999389648,54.6059989929199,54.9599990844727,55.2120018005371,55.2490005493164,55.2680015563965
"Labor force participation rate, female (% of female population ages 15+) (modeled ILO estimate)",SL.TLF.CACT.FE.ZS,Gibraltar,GIB,..,..,..,..,..,..,..,..,..,..,..,..
"Labor force participation rate, female (% of female population ages 15+) (modeled ILO estimate)",SL.TLF.CACT.FE.ZS,Greece,GRC,36.0579986572266,40.8499984741211,44.7490005493164,44.5699996948242,44.8759994506836,44.7210006713867,44.851001739502,45.476001739502,45.7019996643066,45.4480018615723,45.2779998779297,45.0800018310547
"Labor force participation rate, female (% of female population ages 15+) (modeled ILO estimate)",SL.TLF.CACT.FE.ZS,Greenland,GRL,..,..,..,..,..,..,..,..,..,..,..,..
"Labor force participation rate, female (% of female population ages 15+) (modeled ILO estimate)",SL.TLF.CACT.FE.ZS,Hungary,HUN,47.0940017700195,41.1100006103516,43.7760009765625,43.9029998779297,44.8019981384277,44.9080009460449,46.2820014953613,47.2509994506836,47.9630012512207,48.265998840332,48.2830009460449,48.3190002441406
"Labor force participation rate, female (% of female population ages 15+) (modeled ILO estimate)",SL.TLF.CACT.FE.ZS,Iceland,ISL,67.6829986572266,73.7360000610352,70.6340026855469,70.2149963378906,70.838996887207,71.4800033569336,72.1470031738281,73.0979995727539,73.1729965209961,72.3109970092773,72.0630035400391,71.8010025024414
"Labor force participation rate, female (% of female population ages 15+) (modeled ILO estimate)",SL.TLF.CACT.FE.ZS,Ireland,IRL,38.4020004272461,50.1119995117188,55.5279998779297,55.1790008544922,54.9529991149902,55.4309997558594,54.9970016479492,54.7589988708496,55.3580017089844,55.3559989929199,55.101001739502,54.8440017700195
"Labor force participation rate, female (% of female population ages 15+) (modeled ILO estimate)",SL.TLF.CACT.FE.ZS,Isle of Man,IMN,..,..,..,..,..,..,..,..,..,..,..,..
"Labor force participation rate, female (% of female population ages 15+) (modeled ILO estimate)",SL.TLF.CACT.FE.ZS,Italy,ITA,35.3019981384277,35.4449996948242,37.7840003967285,37.935001373291,39.1619987487793,39.0309982299805,39.398998260498,39.0040016174316,39.6360015869141,40.1020011901855,40.0019989013672,39.890998840332
"Labor force participation rate, female (% of female population ages 15+) (modeled ILO estimate)",SL.TLF.CACT.FE.ZS,Kazakhstan,KAZ,65.2760009765625,65.556999206543,65.359001159668,65.3560028076172,65.4120025634766,65.4879989624023,65.5670013427734,65.4100036621094,65.4100036621094,65.3349990844727,65.1449966430664,64.8310012817383
"Labor force participation rate, female (% of female population ages 15+) (modeled ILO estimate)",SL.TLF.CACT.FE.ZS,Kosovo,XKX,..,..,..,..,..,..,..,..,..,..,..,..
"Labor force participation rate, female (% of female population ages 15+) (modeled ILO estimate)",SL.TLF.CACT.FE.ZS,Kyrgyz Republic,KGZ,50.1469993591309,55.1879997253418,52.1570014953613,52.6230010986328,51.5579986572266,49.1870002746582,50.3209991455078,49.8339996337891,48.3559989929199,48.2529983520508,48.0250015258789,47.7379989624023
"Labor force participation rate, female (% of female population ages 15+) (modeled ILO estimate)",SL.TLF.CACT.FE.ZS,Latvia,LVA,53.4379997253418,48.8699989318848,53.851001739502,53.0169982910156,54.2220001220703,53.923999786377,53.4500007629395,54.257999420166,55.2789993286133,55.5690002441406,55.4090003967285,55.1769981384277
"Labor force participation rate, female (% of female population ages 15+) (modeled ILO estimate)",SL.TLF.CACT.FE.ZS,Liechtenstein,LIE,..,..,..,..,..,..,..,..,..,..,..,..
"Labor force participation rate, female (% of female population ages 15+) (modeled ILO estimate)",SL.TLF.CACT.FE.ZS,Lithuania,LTU,54.5169982910156,54.7939987182617,52.5480003356934,53.1069984436035,53.6269989013672,53.2560005187988,54.0779991149902,54.5449981689453,55.859001159668,56.2379989624023,56.3549995422363,56.4160003662109
"Labor force participation rate, female (% of female population ages 15+) (modeled ILO estimate)",SL.TLF.CACT.FE.ZS,Luxembourg,LUX,34.1209983825684,41.382999420166,48.8250007629395,49.4109992980957,50.9710006713867,51.109001159668,51.992000579834,53.5589981079102,52.2389984130859,53.4830017089844,53.4819984436035,53.4910011291504
"Labor force participation rate, female (% of female population ages 15+) (modeled ILO estimate)",SL.TLF.CACT.FE.ZS,Moldova,MDA,45.8540000915527,50.173999786377,38.5839996337891,39.1720008850098,38.015998840332,38.4939994812012,38.2599983215332,41.2569999694824,39.9739990234375,39.2760009765625,38.8629989624023,38.4389991760254
"Labor force participation rate, female (% of female population ages 15+) (modeled ILO estimate)",SL.TLF.CACT.FE.ZS,Monaco,MCO,..,..,..,..,..,..,..,..,..,..,..,..
"Labor force participation rate, female (% of female population ages 15+) (modeled ILO estimate)",SL.TLF.CACT.FE.ZS,Montenegro,MNE,44.193000793457,43.1539993286133,42.5890007019043,42.5730018615723,42.7280006408691,43.3610000610352,43.9329986572266,44.5359992980957,43.8759994506836,43.681999206543,43.5750007629395,43.4669990539551
"Labor force participation rate, female (% of female population ages 15+) (modeled ILO estimate)",SL.TLF.CACT.FE.ZS,Netherlands,NLD,43.0470008850098,53.2200012207031,58.2470016479492,58.0919990539551,58.625,58.5369987487793,57.8139991760254,58.2039985656738,58.0190010070801,58.0789985656738,57.9850006103516,57.8790016174316
"Labor force participation rate, female (% of female population ages 15+) (modeled ILO estimate)",SL.TLF.CACT.FE.ZS,North Macedonia,MKD,43.0299987792969,40.9220008850098,42.7879981994629,43.4379997253418,43.0120010375977,44.3769989013672,43.9249992370605,43.5369987487793,42.3530006408691,42.7200012207031,42.7159996032715,42.6959991455078
"Labor force participation rate, female (% of female population ages 15+) (modeled ILO estimate)",SL.TLF.CACT.FE.ZS,Norway,NOR,55.0610008239746,61.2169990539551,61.7809982299805,61.6399993896484,61.5979995727539,61.556999206543,61.3499984741211,61.3310012817383,60.8849983215332,60.2859992980957,60.2400016784668,60.1879997253418
"Labor force participation rate, female (% of female population ages 15+) (modeled ILO estimate)",SL.TLF.CACT.FE.ZS,Poland,POL,53.8860015869141,49.5800018310547,48.2719993591309,48.3730010986328,48.7639999389648,48.7779998779297,49.1640014648438,48.9959983825684,49.0190010070801,49.1510009765625,48.9220008850098,48.673999786377
"Labor force participation rate, female (% of female population ages 15+) (modeled ILO estimate)",SL.TLF.CACT.FE.ZS,Portugal,PRT,48.359001159668,52.6720008850098,55.8160018920898,54.6119995117188,54.6529998779297,54.1279983520508,53.7980003356934,53.7779998779297,53.576000213623,54.1669998168945,53.8720016479492,53.5610008239746
"Labor force participation rate, female (% of female population ages 15+) (modeled ILO estimate)",SL.TLF.CACT.FE.ZS,Romania,ROU,62.1319999694824,57.8680000305176,46.3300018310547,46.148998260498,46.2799987792969,46.0050010681152,46.1469993591309,45.1949996948242,44.4749984741211,45.9700012207031,45.5660018920898,45.1679992675781
"Labor force participation rate, female (% of female population ages 15+) (modeled ILO estimate)",SL.TLF.CACT.FE.ZS,Russian Federation,RUS,58.8370018005371,54.6910018920898,55.9220008850098,56.1520004272461,56.0839996337891,55.7779998779297,55.7290000915527,55.5750007629395,55.7229995727539,55.3040008544922,54.9119987487793,54.507999420166
"Labor force participation rate, female (% of female population ages 15+) (modeled ILO estimate)",SL.TLF.CACT.FE.ZS,San Marino,SMR,..,..,..,..,..,..,..,..,..,..,..,..
"Labor force participation rate, female (% of female population ages 15+) (modeled ILO estimate)",SL.TLF.CACT.FE.ZS,Serbia,SRB,47.9609985351563,46.8720016479492,42.8790016174316,42.6380004882813,43.0149993896484,43.9500007629395,44.4269981384277,44.0719985961914,46.1370010375977,46.9599990844727,46.7560005187988,46.564998626709
"Labor force participation rate, female (% of female population ages 15+) (modeled ILO estimate)",SL.TLF.CACT.FE.ZS,Slovak Republic,SVK,59.7840003967285,52.3040008544922,50.6370010375977,50.2099990844727,50.7270011901855,51.0709991455078,51.1180000305176,51.9980010986328,52.6529998779297,52.8279991149902,52.6640014648438,52.4790000915527
"Labor force participation rate, female (% of female population ages 15+) (modeled ILO estimate)",SL.TLF.CACT.FE.ZS,Slovenia,SVN,52.4160003662109,51.2430000305176,53.185001373291,52.3530006408691,52.318000793457,51.7929992675781,52.3450012207031,52.0359992980957,52.0730018615723,53.7490005493164,53.3489990234375,52.9259986877441
"Labor force participation rate, female (% of female population ages 15+) (modeled ILO estimate)",SL.TLF.CACT.FE.ZS,Spain,ESP,33.8390007019043,40.5820007324219,51.5429992675781,52.125,52.6450004577637,52.6189994812012,52.375,52.314998626709,52.3019981384277,51.8610000610352,51.6500015258789,51.4000015258789
"Labor force participation rate, female (% of female population ages 15+) (modeled ILO estimate)",SL.TLF.CACT.FE.ZS,Sweden,SWE,63.1370010375977,58.3450012207031,58.9370002746582,59.4440002441406,59.6959991455078,60.1780014038086,60.3709983825684,60.6570014953613,60.7000007629395,60.9700012207031,61.0750007629395,61.1669998168945
"Labor force participation rate, female (% of female population ages 15+) (modeled ILO estimate)",SL.TLF.CACT.FE.ZS,Switzerland,CHE,57.1370010375977,57.7729988098145,59.9189987182617,60.5870018005371,60.9329986572266,61.2620010375977,62.0190010070801,62.3950004577637,62.8849983215332,62.601001739502,62.6059989929199,62.5880012512207
"Labor force participation rate, female (% of female population ages 15+) (modeled ILO estimate)",SL.TLF.CACT.FE.ZS,Tajikistan,TJK,28.9589996337891,30.0200004577637,29.5020008087158,29.2609996795654,28.9909992218018,28.7129993438721,28.4759998321533,28.2910003662109,28.0849990844727,27.886999130249,27.7940006256104,27.6849994659424
"Labor force participation rate, female (% of female population ages 15+) (modeled ILO estimate)",SL.TLF.CACT.FE.ZS,Turkey,TUR,34.0359992980957,26.2859992980957,27.0330009460449,28.3229999542236,28.878999710083,30.1019992828369,30.2430000305176,31.4750003814697,32.5069999694824,33.5719985961914,33.5200004577637,33.4580001831055
"Labor force participation rate, female (% of female population ages 15+) (modeled ILO estimate)",SL.TLF.CACT.FE.ZS,Turkmenistan,TKM,49.314998626709,51.7649993896484,52.4189987182617,52.5309982299805,52.6800003051758,52.8300018310547,52.9389991760254,52.9949989318848,52.9860000610352,52.9269981384277,52.7890014648438,52.6339988708496
"Labor force participation rate, female (% of female population ages 15+) (modeled ILO estimate)",SL.TLF.CACT.FE.ZS,Ukraine,UKR,54.5970001220703,50.7799987792969,48.4099998474121,48.2509994506836,47.4850006103516,48.3769989013672,47.0400009155273,47.3600006103516,47.0750007629395,46.9379997253418,46.6790008544922,46.3969993591309
"Labor force participation rate, female (% of female population ages 15+) (modeled ILO estimate)",SL.TLF.CACT.FE.ZS,United Kingdom,GBR,51.9949989318848,53.5540008544922,55.4529991149902,55.5200004577637,55.7799987792969,56.1459999084473,56.4269981384277,56.5519981384277,56.7729988098145,57.0419998168945,57.0950012207031,57.1230010986328
"Labor force participation rate, female (% of female population ages 15+) (modeled ILO estimate)",SL.TLF.CACT.FE.ZS,Uzbekistan,UZB,49.9169998168945,51.7890014648438,52.7360000610352,52.8650016784668,52.9970016479492,53.1290016174316,53.2449989318848,53.3279991149902,53.3779983520508,53.4199981689453,53.4129981994629,53.3559989929199
"Labor force participation rate, female (% of female population ages 15+) (modeled ILO estimate)",SL.TLF.CACT.FE.ZS,Algeria,DZA,11.3830003738403,11.8929996490479,14.378999710083,15.2390003204346,16.1569995880127,16.8819999694824,15.3400001525879,15.1899995803833,15.0270004272461,14.8769998550415,14.9160003662109,14.9180002212524
"Labor force participation rate, female (% of female population ages 15+) (modeled ILO estimate)",SL.TLF.CACT.FE.ZS,Bahrain,BHR,29.1879997253418,34.7760009765625,43.7630004882813,43.0040016174316,43.2029991149902,43.4049987792969,43.6150016784668,43.8009986877441,44.0110015869141,44.3520011901855,44.4729995727539,44.6129989624023
"Labor force participation rate, female (% of female population ages 15+) (modeled ILO estimate)",SL.TLF.CACT.FE.ZS,Djibouti,DJI,44.7890014648438,47.1990013122559,51.3120002746582,51.8580017089844,52.4049987792969,52.9449996948242,53.4729995727539,53.9790000915527,54.351001739502,54.7249984741211,54.8120002746582,54.9080009460449
"Labor force participation rate, female (% of female population ages 15+) (modeled ILO estimate)",SL.TLF.CACT.FE.ZS,"Egypt, Arab Rep.",EGY,21.3279991149902,19.9050006866455,22.632999420166,22.0400009155273,22.5049991607666,23.3859996795654,23.6889991760254,22.5520000457764,22.8500003814697,22.7339992523193,22.8339996337891,22.9349994659424
"Labor force participation rate, female (% of female population ages 15+) (modeled ILO estimate)",SL.TLF.CACT.FE.ZS,"Iran, Islamic Rep.",IRN,9.92300033569336,13.9090003967285,15.9460000991821,15.326000213623,14.7440004348755,14.1969995498657,13.6800003051758,15.1529998779297,17.0790004730225,16.9640007019043,16.7749996185303,16.5610008239746
"Labor force participation rate, female (% of female population ages 15+) (modeled ILO estimate)",SL.TLF.CACT.FE.ZS,Iraq,IRQ,8.09500026702881,9.66100025177002,12.0629997253418,11.9879999160767,11.9289999008179,11.9829998016357,12.1079998016357,12.1759996414185,12.1350002288818,12.25,12.3500003814697,12.4479999542236
"Labor force participation rate, female (% of female population ages 15+) (modeled ILO estimate)",SL.TLF.CACT.FE.ZS,Israel,ISR,46.2669982910156,53.2410011291504,57.0289993286133,56.7949981689453,57.9669990539551,58.1319999694824,59.0279998779297,58.9860000610352,59.3720016479492,59.2080001831055,59.2029991149902,59.2080001831055
"Labor force participation rate, female (% of female population ages 15+) (modeled ILO estimate)",SL.TLF.CACT.FE.ZS,Jordan,JOR,10.3660001754761,12.7069997787476,15.2889995574951,15.2259998321533,14.8330001831055,13.8640003204346,13.8979997634888,13.960000038147,14.0080003738403,14.0659999847412,14.1149997711182,14.1549997329712
"Labor force participation rate, female (% of female population ages 15+) (modeled ILO estimate)",SL.TLF.CACT.FE.ZS,Kuwait,KWT,42.8499984741211,49.6020011901855,53.6230010986328,54.4500007629395,55.4070014953613,56.5810012817383,57.6389999389648,58.4959983825684,57.9679985046387,57.7459983825684,57.5260009765625,57.3320007324219
"Labor force participation rate, female (% of female population ages 15+) (modeled ILO estimate)",SL.TLF.CACT.FE.ZS,Lebanon,LBN,19,20.4459991455078,22.0310001373291,22.3330001831055,22.5380001068115,22.6760005950928,22.798999786377,22.9669990539551,23.1860008239746,23.4029998779297,23.4799995422363,23.5400009155273
"Labor force participation rate, female (% of female population ages 15+) (modeled ILO estimate)",SL.TLF.CACT.FE.ZS,Libya,LBY,14.4670000076294,19.6509990692139,22.4599990844727,25.3500003814697,23.0979995727539,24.4759998321533,26.1000003814697,26.2549991607666,26.4659996032715,25.6620006561279,25.7099990844727,25.7409992218018
"Labor force participation rate, female (% of female population ages 15+) (modeled ILO estimate)",SL.TLF.CACT.FE.ZS,Malta,MLT,26.9759998321533,30.1849994659424,34.0830001831055,35.4589996337891,37.4630012512207,39.2620010375977,40.6910018920898,41.6110000610352,42.4020004272461,43.3279991149902,43.2879981994629,43.2400016784668
"Labor force participation rate, female (% of female population ages 15+) (modeled ILO estimate)",SL.TLF.CACT.FE.ZS,Morocco,MAR,23.4330005645752,24.9400005340576,25.568000793457,25.5400009155273,24.7959995269775,24.6100006103516,23.8190002441406,23.0359992980957,22.2679996490479,21.5090007781982,21.4309997558594,21.3409996032715
"Labor force participation rate, female (% of female population ages 15+) (modeled ILO estimate)",SL.TLF.CACT.FE.ZS,Oman,OMN,20.5,23.2089996337891,27.0300006866455,27.4839992523193,28.0520000457764,28.7220001220703,29.4619998931885,30.2269992828369,30.6940002441406,30.9549999237061,30.9540004730225,30.9290008544922
"Labor force participation rate, female (% of female population ages 15+) (modeled ILO estimate)",SL.TLF.CACT.FE.ZS,Qatar,QAT,44.3139991760254,41.2029991149902,51.132999420166,52.6160011291504,54.0709991455078,55.6759986877441,57.3419990539551,58.9339981079102,58.5099983215332,58.0639991760254,57.8400001525879,57.689998626709
"Labor force participation rate, female (% of female population ages 15+) (modeled ILO estimate)",SL.TLF.CACT.FE.ZS,Saudi Arabia,SAU,14.5010004043579,16.0909996032715,18.2220001220703,19.5610008239746,20.3279991149902,20.2970008850098,20.7180004119873,22.0790004730225,23.0330009460449,23.2889995574951,23.3740005493164,23.451000213623
"Labor force participation rate, female (% of female population ages 15+) (modeled ILO estimate)",SL.TLF.CACT.FE.ZS,Syrian Arab Republic,SYR,23.7290000915527,20.0690002441406,13.1800003051758,13.0150003433228,12.7770004272461,12.5340003967285,12.2840003967285,12.0080003738403,12.0950002670288,12.2390003204346,11.9919996261597,11.75
"Labor force participation rate, female (% of female population ages 15+) (modeled ILO estimate)",SL.TLF.CACT.FE.ZS,Tunisia,TUN,22.4009990692139,23.1889991760254,24.4599990844727,24.4459991455078,25.2450008392334,25.1429996490479,24.9330005645752,24.7269992828369,24.4680004119873,24.2259998321533,24.0799999237061,23.9090003967285
"Labor force participation rate, female (% of female population ages 15+) (modeled ILO estimate)",SL.TLF.CACT.FE.ZS,United Arab Emirates,ARE,28.2119998931885,33.7190017700195,44.0289993286133,45.1430015563965,46.2130012512207,47.2630004882813,48.3230018615723,49.3959999084473,50.1619987487793,51.2669982910156,51.148998260498,51.0670013427734
"Labor force participation rate, female (% of female population ages 15+) (modeled ILO estimate)",SL.TLF.CACT.FE.ZS,West Bank and Gaza,PSE,11.246000289917,13.0950002670288,14.7550001144409,16.6149997711182,17.4150009155273,17.2749996185303,19.4209995269775,19.0419998168945,19.238000869751,18.9829998016357,19.2479991912842,19.4899997711182
"Labor force participation rate, female (% of female population ages 15+) (modeled ILO estimate)",SL.TLF.CACT.FE.ZS,"Yemen, Rep.",YEM,16.701000213623,20.371000289917,10.048999786377,8.84799957275391,7.79899978637695,6.88399982452393,6.08300018310547,6.10599994659424,6.11700010299683,6.13800001144409,5.98299980163574,5.8270001411438
"Labor force participation rate, female (% of female population ages 15+) (modeled ILO estimate)",SL.TLF.CACT.FE.ZS,Angola,AGO,74.9449996948242,74.9410018920898,75.306999206543,75.3440017700195,75.3889999389648,75.4329986572266,75.4649963378906,75.4789962768555,75.4700012207031,75.4509963989258,75.4120025634766,75.3720016479492
"Labor force participation rate, female (% of female population ages 15+) (modeled ILO estimate)",SL.TLF.CACT.FE.ZS,Benin,BEN,57.326000213623,63.9290008544922,69.2239990234375,68.088996887207,68.2070007324219,68.3519973754883,68.5120010375977,68.6800003051758,68.8359985351563,69.0169982910156,69.1760025024414,69.3349990844727
"Labor force participation rate, female (% of female population ages 15+) (modeled ILO estimate)",SL.TLF.CACT.FE.ZS,Botswana,BWA,45.2550010681152,49.4669990539551,53.5460014343262,57.4259986877441,61.1069984436035,64.5540008544922,64.9079971313477,65.2310028076172,65.5240020751953,65.8369979858398,66.1920013427734,66.5199966430664
"Labor force participation rate, female (% of female population ages 15+) (modeled ILO estimate)",SL.TLF.CACT.FE.ZS,Burkina Faso,BFA,76.2929992675781,68.0260009765625,59.7179985046387,59.3409996032715,58.9710006713867,58.6069984436035,58.2490005493164,58.3759994506836,58.4970016479492,58.6269989013672,58.4620018005371,58.2919998168945
"Labor force participation rate, female (% of female population ages 15+) (modeled ILO estimate)",SL.TLF.CACT.FE.ZS,Burundi,BDI,90.7839965820313,84.3320007324219,80.3499984741211,80.1119995117188,79.9179992675781,79.7480010986328,79.5739974975586,79.8440017700195,80.0790023803711,80.286003112793,80.3489990234375,80.3639984130859
"Labor force participation rate, female (% of female population ages 15+) (modeled ILO estimate)",SL.TLF.CACT.FE.ZS,Cabo Verde,CPV,42.2760009765625,50.7680015563965,58.6940002441406,59.6730003356934,60.6599998474121,61.6380004882813,62.5909996032715,63.5060005187988,64.1230010986328,64.6829986572266,65.1159973144531,65.5100021362305
"Labor force participation rate, female (% of female population ages 15+) (modeled ILO estimate)",SL.TLF.CACT.FE.ZS,Cameroon,CMR,78.1360015869141,77.9960021972656,70.5810012817383,70.6839981079102,70.7990036010742,70.9229965209961,71.0469970703125,71.1699981689453,71.2720031738281,71.3730010986328,71.2040023803711,71.0270004272461
"Labor force participation rate, female (% of female population ages 15+) (modeled ILO estimate)",SL.TLF.CACT.FE.ZS,Central African Republic,CAF,65.6809997558594,65.8970031738281,65.6630020141602,65.5059967041016,65.3219985961914,65.0559997558594,64.838996887207,64.625,64.6910018920898,64.7910003662109,64.7239990234375,64.6669998168945
"Labor force participation rate, female (% of female population ages 15+) (modeled ILO estimate)",SL.TLF.CACT.FE.ZS,Chad,TCD,65.1060028076172,64.0759963989258,64.0879974365234,64.1269989013672,64.1989974975586,64.2900009155273,64.4020004272461,64.5279998779297,64.6070022583008,64.7119979858398,64.7559967041016,64.8050003051758
"Labor force participation rate, female (% of female population ages 15+) (modeled ILO estimate)",SL.TLF.CACT.FE.ZS,Comoros,COM,30.0499992370605,31.7569999694824,35.0940017700195,35.375,35.6720008850098,35.9780006408691,36.2939987182617,36.6209983825684,36.8969993591309,37.2109985351563,37.4290008544922,37.6419982910156
"Labor force participation rate, female (% of female population ages 15+) (modeled ILO estimate)",SL.TLF.CACT.FE.ZS,"Congo, Dem. Rep.",COD,71.1729965209961,70.6389999389648,63.9230003356934,62.5379981994629,61.1319999694824,61.1160011291504,61.117000579834,61.1300010681152,61.109001159668,61.1160011291504,60.8320007324219,60.5460014343262
"Labor force participation rate, female (% of female population ages 15+) (modeled ILO estimate)",SL.TLF.CACT.FE.ZS,"Congo, Rep.",COG,64.8300018310547,66.1050033569336,67.4339981079102,67.3759994506836,67.3089981079102,67.2350006103516,67.1589965820313,67.0810012817383,67.0449981689453,67.0309982299805,66.9329986572266,66.822998046875
"Labor force participation rate, female (% of female population ages 15+) (modeled ILO estimate)",SL.TLF.CACT.FE.ZS,Cote d'Ivoire,CIV,47.8019981384277,48.4080009460449,48.1660003662109,48.1240005493164,48.0859985351563,48.0550003051758,48.0379981994629,48.0410003662109,48.0530014038086,48.2190017700195,48.2789993286133,48.3479995727539
"Labor force participation rate, female (% of female population ages 15+) (modeled ILO estimate)",SL.TLF.CACT.FE.ZS,Equatorial Guinea,GNQ,49.1279983520508,50.3520011901855,54.0919990539551,54.1650009155273,54.351001739502,54.6240005493164,54.9630012512207,55.3549995422363,55.1669998168945,55.1199989318848,55.1520004272461,55.2910003662109
"Labor force participation rate, female (% of female population ages 15+) (modeled ILO estimate)",SL.TLF.CACT.FE.ZS,Eritrea,ERI,72.8349990844727,71.7760009765625,73.5479965209961,73.6439971923828,73.7200012207031,73.7760009765625,73.8160018920898,73.8460006713867,73.9759979248047,74.0979995727539,74.1380004882813,74.1729965209961
"Labor force participation rate, female (% of female population ages 15+) (modeled ILO estimate)",SL.TLF.CACT.FE.ZS,Eswatini,SWZ,31.2210006713867,33.2309989929199,37.5439987182617,38.0929985046387,38.6640014648438,39.2330017089844,39.7639999389648,40.2490005493164,40.689998626709,41.0789985656738,41.3709983825684,41.6370010375977
"Labor force participation rate, female (% of female population ages 15+) (modeled ILO estimate)",SL.TLF.CACT.FE.ZS,Ethiopia,ETH,66.5719985961914,71.0719985961914,73.8119964599609,73.6940002441406,73.5780029296875,73.4690017700195,73.6259994506836,73.7880020141602,73.9380035400391,74.1070022583008,74.2360000610352,74.3720016479492
"Labor force participation rate, female (% of female population ages 15+) (modeled ILO estimate)",SL.TLF.CACT.FE.ZS,Gabon,GAB,34.4230003356934,34.9199981689453,39.8889999389648,40.4070014953613,40.9550018310547,41.5250015258789,42.1110000610352,42.7190017700195,42.8639984130859,43.048999786377,43.3930015563965,43.7019996643066
"Labor force participation rate, female (% of female population ages 15+) (modeled ILO estimate)",SL.TLF.CACT.FE.ZS,"Gambia, The",GMB,45.2980003356934,46.7130012512207,50.257999420166,50.5709991455078,50.8639984130859,50.9749984741211,51.1189994812012,51.3059997558594,51.4259986877441,51.6040000915527,51.7280006408691,51.8499984741211
"Labor force participation rate, female (% of female population ages 15+) (modeled ILO estimate)",SL.TLF.CACT.FE.ZS,Ghana,GHA,71.5749969482422,72.7269973754883,66.5469970703125,65.9779968261719,65.3690032958984,64.7279968261719,64.0640029907227,63.3819999694824,63.5480003356934,63.734001159668,63.6290016174316,63.5050010681152
"Labor force participation rate, female (% of female population ages 15+) (modeled ILO estimate)",SL.TLF.CACT.FE.ZS,Guinea,GIN,63.2859992980957,62.7490005493164,63.2439994812012,63.3170013427734,63.4199981689453,63.5390014648438,63.6640014648438,63.7890014648438,63.8899993896484,64.0009994506836,64.0609970092773,64.1259994506836
"Labor force participation rate, female (% of female population ages 15+) (modeled ILO estimate)",SL.TLF.CACT.FE.ZS,Guinea-Bissau,GNB,64.5849990844727,64.4300003051758,66.0589981079102,66.2009963989258,66.359001159668,66.536003112793,66.7129974365234,66.890998840332,67.0189971923828,67.1589965820313,67.3140029907227,67.4619979858398
"Labor force participation rate, female (% of female population ages 15+) (modeled ILO estimate)",SL.TLF.CACT.FE.ZS,Kenya,KEN,68.5240020751953,68.5,61.681999206543,61.9770011901855,62.2610015869141,62.5369987487793,62.8030014038086,63.064998626709,63.3349990844727,63.5900001525879,63.5890007019043,63.5839996337891
"Labor force participation rate, female (% of female population ages 15+) (modeled ILO estimate)",SL.TLF.CACT.FE.ZS,Lesotho,LSO,67.4140014648438,68.1890029907227,60.6590003967285,60.0200004577637,59.3880004882813,58.773998260498,59.023998260498,59.2879981994629,59.5099983215332,59.765998840332,59.7919998168945,59.8170013427734
"Labor force participation rate, female (% of female population ages 15+) (modeled ILO estimate)",SL.TLF.CACT.FE.ZS,Liberia,LBR,51.7970008850098,52.8889999389648,53.5620002746582,53.6780014038086,53.806999206543,53.9630012512207,54.1319999694824,54.314998626709,54.4739990234375,54.6500015258789,54.6450004577637,54.6529998779297
"Labor force participation rate, female (% of female population ages 15+) (modeled ILO estimate)",SL.TLF.CACT.FE.ZS,Madagascar,MDG,83.9850006103516,84.0609970092773,87.1179962158203,86.8619995117188,86.5540008544922,85.677001953125,84.6719970703125,83.5169982910156,83.4980010986328,83.4909973144531,83.5940017700195,83.6999969482422
"Labor force participation rate, female (% of female population ages 15+) (modeled ILO estimate)",SL.TLF.CACT.FE.ZS,Malawi,MWI,76.5930023193359,75.6569976806641,73.1100006103516,72.9039993286133,72.6869964599609,72.4629974365234,72.5380020141602,72.6179962158203,72.7180023193359,72.8199996948242,72.8450012207031,72.8580017089844
"Labor force participation rate, female (% of female population ages 15+) (modeled ILO estimate)",SL.TLF.CACT.FE.ZS,Mali,MLI,60.0530014038086,60.351001739502,60.5219993591309,60.4169998168945,60.3530006408691,60.3269996643066,60.3300018310547,61.2459983825684,61.3030014038086,61.3759994506836,61.3429985046387,61.3120002746582
"Labor force participation rate, female (% of female population ages 15+) (modeled ILO estimate)",SL.TLF.CACT.FE.ZS,Mauritania,MRT,28.7999992370605,29.7819995880127,28.1580009460449,28.1009998321533,28.0650005340576,28.2849998474121,28.5189990997314,28.7670001983643,28.92799949646,29.1310005187988,29.1760005950928,29.2180004119873
"Labor force participation rate, female (% of female population ages 15+) (modeled ILO estimate)",SL.TLF.CACT.FE.ZS,Mauritius,MUS,37.6759986877441,39.7099990844727,43.0460014343262,42.1360015869141,42.4889984130859,44.3390007019043,44.6180000305176,45.6920013427734,44.7680015563965,45.0320014953613,44.9819984436035,44.9440002441406
"Labor force participation rate, female (% of female population ages 15+) (modeled ILO estimate)",SL.TLF.CACT.FE.ZS,Mozambique,MOZ,86.8010025024414,87.6110000610352,82.8740005493164,81.9800033569336,81.0319976806641,80.0279998779297,78.9649963378906,77.8440017700195,77.8199996948242,77.7959976196289,77.536003112793,77.2839965820313
"Labor force participation rate, female (% of female population ages 15+) (modeled ILO estimate)",SL.TLF.CACT.FE.ZS,Namibia,NAM,48.1259994506836,48.9160003662109,52.8839988708496,53.4049987792969,53.9630012512207,58.1990013122559,57.5289993286133,56.435001373291,55.3450012207031,55.693000793457,56.2060012817383,56.7050018310547
"Labor force participation rate, female (% of female population ages 15+) (modeled ILO estimate)",SL.TLF.CACT.FE.ZS,Niger,NER,68.8040008544922,68.6809997558594,67.7600021362305,67.6500015258789,67.5709991455078,67.5059967041016,67.4599990844727,67.4290008544922,67.3809967041016,67.3649978637695,67.2969970703125,67.2320022583008
"Labor force participation rate, female (% of female population ages 15+) (modeled ILO estimate)",SL.TLF.CACT.FE.ZS,Nigeria,NGA,47.1349983215332,47.5289993286133,49.2019996643066,49.5410003662109,49.8889999389648,50.2389984130859,50.2859992980957,50.3680000305176,50.390998840332,50.4739990234375,50.5499992370605,50.6230010986328
"Labor force participation rate, female (% of female population ages 15+) (modeled ILO estimate)",SL.TLF.CACT.FE.ZS,Rwanda,RWA,86.0849990844727,84.4710006713867,84.3710021972656,84.370002746582,84.3150024414063,84.2119979858398,84.0820007324219,84.1269989013672,84.1589965820313,84.1780014038086,84.1729965209961,84.1600036621094
"Labor force participation rate, female (% of female population ages 15+) (modeled ILO estimate)",SL.TLF.CACT.FE.ZS,Sao Tome and Principe,STP,36.048999786377,38.8429985046387,41.4970016479492,41.8120002746582,42.0779991149902,42.318000793457,42.5540008544922,42.7970008850098,43.0410003662109,43.2949981689453,43.2470016479492,43.1990013122559
"Labor force participation rate, female (% of female population ages 15+) (modeled ILO estimate)",SL.TLF.CACT.FE.ZS,Senegal,SEN,31.3589992523193,32.7779998779297,34.3209991455078,34.4169998168945,34.515998840332,34.617000579834,34.7159996032715,34.8129997253418,34.9370002746582,35.1030006408691,35.2000007629395,35.2859992980957
"Labor force participation rate, female (% of female population ages 15+) (modeled ILO estimate)",SL.TLF.CACT.FE.ZS,Seychelles,SYC,..,..,..,..,..,..,..,..,..,..,..,..
"Labor force participation rate, female (% of female population ages 15+) (modeled ILO estimate)",SL.TLF.CACT.FE.ZS,Sierra Leone,SLE,63.6360015869141,63.8170013427734,60.5,59.6969985961914,58.8969993591309,58.1020011901855,57.3160018920898,57.4819984436035,57.6730003356934,57.8699989318848,57.7239990234375,57.5789985656738
"Labor force participation rate, female (% of female population ages 15+) (modeled ILO estimate)",SL.TLF.CACT.FE.ZS,Somalia,SOM,22.3010005950928,18.4689998626709,17.5610008239746,17.632999420166,17.8509998321533,18.1560001373291,18.4650001525879,18.7390003204346,18.9050006866455,19.0559997558594,19.1219997406006,19.1889991760254
"Labor force participation rate, female (% of female population ages 15+) (modeled ILO estimate)",SL.TLF.CACT.FE.ZS,South Africa,ZAF,42.6269989013672,49.0219993591309,44.7280006408691,45.1980018615723,45.4189987182617,46.3870010375977,46.6119995117188,47.8019981384277,47.7970008850098,48.9220008850098,48.8489990234375,48.7680015563965
"Labor force participation rate, female (% of female population ages 15+) (modeled ILO estimate)",SL.TLF.CACT.FE.ZS,South Sudan,SSD,70.890998840332,70.4300003051758,70.822998046875,70.8870010375977,70.9729995727539,71.0820007324219,71.2119979858398,71.3619995117188,71.4850006103516,71.6259994506836,71.7630004882813,71.8970031738281
"Labor force participation rate, female (% of female population ages 15+) (modeled ILO estimate)",SL.TLF.CACT.FE.ZS,Sudan,SDN,23.4479999542236,26.5990009307861,23.0069999694824,23.173999786377,23.3740005493164,23.5890007019043,23.8250007629395,24.0839996337891,24.3309993743896,24.6000003814697,24.5310001373291,24.4640007019043
"Labor force participation rate, female (% of female population ages 15+) (modeled ILO estimate)",SL.TLF.CACT.FE.ZS,Tanzania,TZA,84.5439987182617,84.4469985961914,83.9000015258789,82.9520034790039,81.9169998168945,80.7809982299805,79.5339965820313,79.5530014038086,79.5699996948242,79.5770034790039,79.3889999389648,79.2030029296875
"Labor force participation rate, female (% of female population ages 15+) (modeled ILO estimate)",SL.TLF.CACT.FE.ZS,Togo,TGO,79.4280014038086,80.0380020141602,77.0220031738281,75.9339981079102,76.0070037841797,76.0790023803711,76.1470031738281,76.2070007324219,76.2490005493164,76.2850036621094,76.056999206543,75.8249969482422
"Labor force participation rate, female (% of female population ages 15+) (modeled ILO estimate)",SL.TLF.CACT.FE.ZS,Uganda,UGA,62.6059989929199,64.0250015258789,65.8769989013672,66.0810012817383,66.2910003662109,66.4300003051758,66.5820007324219,66.7440032958984,66.8850021362305,67.0370025634766,67.1510009765625,67.2699966430664
"Labor force participation rate, female (% of female population ages 15+) (modeled ILO estimate)",SL.TLF.CACT.FE.ZS,Zambia,ZMB,73.8960037231445,73.7969970703125,71.0599975585938,70.5429992675781,70.0210037231445,70.1559982299805,70.2959976196289,70.4449996948242,70.5859985351563,70.7330017089844,70.7529983520508,70.7850036621094
"Labor force participation rate, female (% of female population ages 15+) (modeled ILO estimate)",SL.TLF.CACT.FE.ZS,Zimbabwe,ZWE,73.0469970703125,72.0380020141602,77.3619995117188,77.4929962158203,77.6490020751953,77.7969970703125,77.9359970092773,78.0690002441406,78.2190017700195,78.3870010375977,78.568000793457,78.7330017089844
,,,,,,,,,,,,,,,
,,,,,,,,,,,,,,,
,,,,,,,,,,,,,,,
Data from database: World Development Indicators,,,,,,,,,,,,,,,
Last Updated: 10/28/2019,,,,,,,,,,,,,,,
