Series Name,Series Code,Country Name,Country Code,1990 [YR1990],2000 [YR2000],2010 [YR2010],2011 [YR2011],2012 [YR2012],2013 [YR2013],2014 [YR2014],2015 [YR2015],2016 [YR2016],2017 [YR2017],2018 [YR2018],2019 [YR2019]
"Labor force participation rate, female (% of female population ages 15+) (modeled ILO estimate)",SL.TLF.CACT.FE.ZS,Albania,ALB,53.7709999084473,51.7690010070801,45.693000793457,47.1040000915527,48.8059997558594,44.6500015258789,44.7890014648438,47.6759986877441,47.4589996337891,47.3120002746582,47.1910018920898,47.0810012817383
"Labor force participation rate, female (% of female population ages 15+) (modeled ILO estimate)",SL.TLF.CACT.FE.ZS,Algeria,DZA,11.3830003738403,11.8929996490479,14.378999710083,15.2390003204346,16.1569995880127,16.8819999694824,15.3400001525879,15.1899995803833,15.0270004272461,14.8769998550415,14.9160003662109,14.9180002212524
"Labor force participation rate, female (% of female population ages 15+) (modeled ILO estimate)",SL.TLF.CACT.FE.ZS,American Samoa,ASM,..,..,..,..,..,..,..,..,..,..,..,..
"Labor force participation rate, female (% of female population ages 15+) (modeled ILO estimate)",SL.TLF.CACT.FE.ZS,Argentina,ARG,43.1749992370605,50.382999420166,47.8330001831055,48.1020011901855,48.1879997253418,47.7900009155273,47.1570014953613,47.8250007629395,48.4799995422363,49.1180000305176,48.9669990539551,48.8139991760254
"Labor force participation rate, female (% of female population ages 15+) (modeled ILO estimate)",SL.TLF.CACT.FE.ZS,Armenia,ARM,48.9389991760254,48,49.5870018005371,52.0919990539551,51.9690017700195,52.6310005187988,51.9469985961914,51.1660003662109,49.4410018920898,49.4199981689453,49.5750007629395,49.673999786377
"Labor force participation rate, female (% of female population ages 15+) (modeled ILO estimate)",SL.TLF.CACT.FE.ZS,Azerbaijan,AZE,51.6940002441406,56.2589988708496,60.2229995727539,60.8139991760254,61.1040000915527,61.3230018615723,61.9230003356934,62.5169982910156,62.9630012512207,63.2620010375977,63.1129989624023,62.9160003662109
"Labor force participation rate, female (% of female population ages 15+) (modeled ILO estimate)",SL.TLF.CACT.FE.ZS,Belarus,BLR,53.2270011901855,53.310001373291,57.5400009155273,57.8610000610352,58.1360015869141,58.3580017089844,58.5270004272461,58.6419982910156,58.6650009155273,58.3950004577637,58.1269989013672,57.8269996643066
"Labor force participation rate, female (% of female population ages 15+) (modeled ILO estimate)",SL.TLF.CACT.FE.ZS,Belize,BLZ,34.4280014038086,40.2890014648438,51.9379997253418,53.2350006103516,54.5270004272461,53.701000213623,52.9300003051758,52.2120018005371,52.7680015563965,52.9249992370605,53.2809982299805,53.648998260498
"Labor force participation rate, female (% of female population ages 15+) (modeled ILO estimate)",SL.TLF.CACT.FE.ZS,Bosnia and Herzegovina,BIH,41.2680015563965,38.640998840332,37.0639991760254,36.8370018005371,36.5470008850098,36.273998260498,35.9720001220703,35.6669998168945,35.2589988708496,35.726001739502,35.6279983520508,35.5209999084473
"Labor force participation rate, female (% of female population ages 15+) (modeled ILO estimate)",SL.TLF.CACT.FE.ZS,Botswana,BWA,45.2550010681152,49.4669990539551,53.5460014343262,57.4259986877441,61.1069984436035,64.5540008544922,64.9079971313477,65.2310028076172,65.5240020751953,65.8369979858398,66.1920013427734,66.5199966430664
"Labor force participation rate, female (% of female population ages 15+) (modeled ILO estimate)",SL.TLF.CACT.FE.ZS,Brazil,BRA,41.9749984741211,50.2680015563965,53.576000213623,52.1730003356934,53.0779991149902,52.976001739502,52.8600006103516,53.3779983520508,53.3209991455078,54.1679992675781,54.0299987792969,53.8819999694824
"Labor force participation rate, female (% of female population ages 15+) (modeled ILO estimate)",SL.TLF.CACT.FE.ZS,Bulgaria,BGR,54.4480018615723,44.2560005187988,47.6980018615723,47.2169990539551,47.8250007629395,48.5279998779297,48.6290016174316,48.632999420166,47.7649993896484,49.6269989013672,49.5299987792969,49.4160003662109
"Labor force participation rate, female (% of female population ages 15+) (modeled ILO estimate)",SL.TLF.CACT.FE.ZS,China,CHN,73.197998046875,71.0100021362305,63.7770004272461,63.5699996948242,63.4010009765625,63.1780014038086,62.9269981384277,62.6069984436035,62.2299995422363,61.8440017700195,61.2569999694824,60.6370010375977
"Labor force participation rate, female (% of female population ages 15+) (modeled ILO estimate)",SL.TLF.CACT.FE.ZS,Colombia,COL,52.0719985961914,54.0390014648438,56.4669990539551,57.2960014343262,58.7519989013672,58.6500015258789,58.6629981994629,59.2490005493164,58.8839988708496,58.5579986572266,58.5900001525879,58.6129989624023
"Labor force participation rate, female (% of female population ages 15+) (modeled ILO estimate)",SL.TLF.CACT.FE.ZS,Costa Rica,CRI,32.9049987792969,38.5950012207031,46.6440010070801,45.2789993286133,50.2690010070801,49.7900009155273,49.148998260498,48.2700004577637,44.7150001525879,45.4070014953613,45.6500015258789,45.8600006103516
"Labor force participation rate, female (% of female population ages 15+) (modeled ILO estimate)",SL.TLF.CACT.FE.ZS,Cuba,CUB,35.8600006103516,36.2400016784668,42.2639999389648,42.0950012207031,41.5499992370605,41.375,41.1640014648438,40.8520011901855,40.484001159668,40.1660003662109,40.023998260498,39.8499984741211
"Labor force participation rate, female (% of female population ages 15+) (modeled ILO estimate)",SL.TLF.CACT.FE.ZS,Dominica,DMA,..,..,..,..,..,..,..,..,..,..,..,..
"Labor force participation rate, female (% of female population ages 15+) (modeled ILO estimate)",SL.TLF.CACT.FE.ZS,Dominican Republic,DOM,33.8300018310547,38.3400001525879,41.6240005493164,44.7820014953613,44.4090003967285,44.9090003967285,45.4410018920898,49.5919990539551,50.3419990539551,50.7109985351563,50.8639984130859,51.0029983520508
"Labor force participation rate, female (% of female population ages 15+) (modeled ILO estimate)",SL.TLF.CACT.FE.ZS,Ecuador,ECU,47.7200012207031,51.4449996948242,49.8819999694824,49.0559997558594,50.2980003356934,49.4529991149902,48.5169982910156,52.2050018310547,55.8079986572266,56.6300010681152,56.632999420166,56.6279983520508
"Labor force participation rate, female (% of female population ages 15+) (modeled ILO estimate)",SL.TLF.CACT.FE.ZS,Equatorial Guinea,GNQ,49.1279983520508,50.3520011901855,54.0919990539551,54.1650009155273,54.351001739502,54.6240005493164,54.9630012512207,55.3549995422363,55.1669998168945,55.1199989318848,55.1520004272461,55.2910003662109
"Labor force participation rate, female (% of female population ages 15+) (modeled ILO estimate)",SL.TLF.CACT.FE.ZS,Fiji,FJI,39.9329986572266,36.7150001525879,43.1040000915527,44.8520011901855,43.5940017700195,42.3359985351563,41.0699996948242,39.5629997253418,38.0950012207031,37.9620018005371,38.1160011291504,38.2470016479492
"Labor force participation rate, female (% of female population ages 15+) (modeled ILO estimate)",SL.TLF.CACT.FE.ZS,Gabon,GAB,34.4230003356934,34.9199981689453,39.8889999389648,40.4070014953613,40.9550018310547,41.5250015258789,42.1110000610352,42.7190017700195,42.8639984130859,43.048999786377,43.3930015563965,43.7019996643066
"Labor force participation rate, female (% of female population ages 15+) (modeled ILO estimate)",SL.TLF.CACT.FE.ZS,Georgia,GEO,58.1440010070801,54.625,56.023998260498,56.4259986877441,57.4690017700195,56.9550018310547,57.4160003662109,58.875,57.7369995117188,57.7309989929199,57.8359985351563,57.8880004882813
"Labor force participation rate, female (% of female population ages 15+) (modeled ILO estimate)",SL.TLF.CACT.FE.ZS,Grenada,GRD,..,..,..,..,..,..,..,..,..,..,..,..
"Labor force participation rate, female (% of female population ages 15+) (modeled ILO estimate)",SL.TLF.CACT.FE.ZS,Guatemala,GTM,38.3689994812012,41.0390014648438,40.5260009765625,40.2970008850098,46.0989990234375,40.6450004577637,40.8339996337891,39.0779991149902,40.8170013427734,41.0870018005371,41.0690002441406,41.0559997558594
"Labor force participation rate, female (% of female population ages 15+) (modeled ILO estimate)",SL.TLF.CACT.FE.ZS,Guyana,GUY,36.9900016784668,35.4749984741211,37.1590003967285,37.9799995422363,38.7680015563965,39.492000579834,40.0620002746582,40.4939994812012,40.8250007629395,41.0019989013672,41.1669998168945,41.3170013427734
"Labor force participation rate, female (% of female population ages 15+) (modeled ILO estimate)",SL.TLF.CACT.FE.ZS,"Iran, Islamic Rep.",IRN,9.92300033569336,13.9090003967285,15.9460000991821,15.326000213623,14.7440004348755,14.1969995498657,13.6800003051758,15.1529998779297,17.0790004730225,16.9640007019043,16.7749996185303,16.5610008239746
"Labor force participation rate, female (% of female population ages 15+) (modeled ILO estimate)",SL.TLF.CACT.FE.ZS,Iraq,IRQ,8.09500026702881,9.66100025177002,12.0629997253418,11.9879999160767,11.9289999008179,11.9829998016357,12.1079998016357,12.1759996414185,12.1350002288818,12.25,12.3500003814697,12.4479999542236
"Labor force participation rate, female (% of female population ages 15+) (modeled ILO estimate)",SL.TLF.CACT.FE.ZS,Jamaica,JAM,59.5289993286133,56.7980003356934,56.6479988098145,56.7050018310547,56.7550010681152,57.9020004272461,58.0589981079102,58.2490005493164,59.7089996337891,60.1660003662109,60.4220008850098,60.6380004882813
"Labor force participation rate, female (% of female population ages 15+) (modeled ILO estimate)",SL.TLF.CACT.FE.ZS,Jordan,JOR,10.3660001754761,12.7069997787476,15.2889995574951,15.2259998321533,14.8330001831055,13.8640003204346,13.8979997634888,13.960000038147,14.0080003738403,14.0659999847412,14.1149997711182,14.1549997329712
"Labor force participation rate, female (% of female population ages 15+) (modeled ILO estimate)",SL.TLF.CACT.FE.ZS,Kazakhstan,KAZ,65.2760009765625,65.556999206543,65.359001159668,65.3560028076172,65.4120025634766,65.4879989624023,65.5670013427734,65.4100036621094,65.4100036621094,65.3349990844727,65.1449966430664,64.8310012817383
"Labor force participation rate, female (% of female population ages 15+) (modeled ILO estimate)",SL.TLF.CACT.FE.ZS,Kosovo,XKX,..,..,..,..,..,..,..,..,..,..,..,..
"Labor force participation rate, female (% of female population ages 15+) (modeled ILO estimate)",SL.TLF.CACT.FE.ZS,Lebanon,LBN,19,20.4459991455078,22.0310001373291,22.3330001831055,22.5380001068115,22.6760005950928,22.798999786377,22.9669990539551,23.1860008239746,23.4029998779297,23.4799995422363,23.5400009155273
"Labor force participation rate, female (% of female population ages 15+) (modeled ILO estimate)",SL.TLF.CACT.FE.ZS,Libya,LBY,14.4670000076294,19.6509990692139,22.4599990844727,25.3500003814697,23.0979995727539,24.4759998321533,26.1000003814697,26.2549991607666,26.4659996032715,25.6620006561279,25.7099990844727,25.7409992218018
"Labor force participation rate, female (% of female population ages 15+) (modeled ILO estimate)",SL.TLF.CACT.FE.ZS,Malaysia,MYS,45.4599990844727,44.6520004272461,43.4580001831055,45.0369987487793,46.3530006408691,49.0019989013672,49.9529991149902,50.3269996643066,50.6049995422363,50.6759986877441,50.9049987792969,51.1139984130859
"Labor force participation rate, female (% of female population ages 15+) (modeled ILO estimate)",SL.TLF.CACT.FE.ZS,Maldives,MDV,20.2129993438721,37.4570007324219,44.0830001831055,44.8359985351563,45.5820007324219,46.306999206543,46.9959983825684,44.9889984130859,42.8470001220703,41.8199996948242,41.9309997558594,42.0069999694824
"Labor force participation rate, female (% of female population ages 15+) (modeled ILO estimate)",SL.TLF.CACT.FE.ZS,Marshall Islands,MHL,..,..,..,..,..,..,..,..,..,..,..,..
"Labor force participation rate, female (% of female population ages 15+) (modeled ILO estimate)",SL.TLF.CACT.FE.ZS,Mauritius,MUS,37.6759986877441,39.7099990844727,43.0460014343262,42.1360015869141,42.4889984130859,44.3390007019043,44.6180000305176,45.6920013427734,44.7680015563965,45.0320014953613,44.9819984436035,44.9440002441406
"Labor force participation rate, female (% of female population ages 15+) (modeled ILO estimate)",SL.TLF.CACT.FE.ZS,Mexico,MEX,33.5099983215332,38.882999420166,43.1619987487793,43.4889984130859,44.5470008850098,44.548999786377,43.5480003356934,43.8919982910156,43.9519996643066,43.6629981994629,43.7820014953613,43.8969993591309
"Labor force participation rate, female (% of female population ages 15+) (modeled ILO estimate)",SL.TLF.CACT.FE.ZS,Montenegro,MNE,44.193000793457,43.1539993286133,42.5890007019043,42.5730018615723,42.7280006408691,43.3610000610352,43.9329986572266,44.5359992980957,43.8759994506836,43.681999206543,43.5750007629395,43.4669990539551
"Labor force participation rate, female (% of female population ages 15+) (modeled ILO estimate)",SL.TLF.CACT.FE.ZS,Namibia,NAM,48.1259994506836,48.9160003662109,52.8839988708496,53.4049987792969,53.9630012512207,58.1990013122559,57.5289993286133,56.435001373291,55.3450012207031,55.693000793457,56.2060012817383,56.7050018310547
"Labor force participation rate, female (% of female population ages 15+) (modeled ILO estimate)",SL.TLF.CACT.FE.ZS,Nauru,NRU,..,..,..,..,..,..,..,..,..,..,..,..
"Labor force participation rate, female (% of female population ages 15+) (modeled ILO estimate)",SL.TLF.CACT.FE.ZS,North Macedonia,MKD,43.0299987792969,40.9220008850098,42.7879981994629,43.4379997253418,43.0120010375977,44.3769989013672,43.9249992370605,43.5369987487793,42.3530006408691,42.7200012207031,42.7159996032715,42.6959991455078
"Labor force participation rate, female (% of female population ages 15+) (modeled ILO estimate)",SL.TLF.CACT.FE.ZS,Paraguay,PRY,52.4199981689453,52.5349998474121,53.8660011291504,55.4259986877441,60.2939987182617,58.7360000610352,55.976001739502,55.9300003051758,56.273998260498,56.5610008239746,56.8810005187988,57.189998626709
"Labor force participation rate, female (% of female population ages 15+) (modeled ILO estimate)",SL.TLF.CACT.FE.ZS,Peru,PER,43.359001159668,54.9869995117188,72.0339965820313,71.302001953125,71.1419982910156,70.6340026855469,69.6419982910156,68.0670013427734,68.1579971313477,69.6529998779297,69.9290008544922,70.1940002441406
"Labor force participation rate, female (% of female population ages 15+) (modeled ILO estimate)",SL.TLF.CACT.FE.ZS,Romania,ROU,62.1319999694824,57.8680000305176,46.3300018310547,46.148998260498,46.2799987792969,46.0050010681152,46.1469993591309,45.1949996948242,44.4749984741211,45.9700012207031,45.5660018920898,45.1679992675781
"Labor force participation rate, female (% of female population ages 15+) (modeled ILO estimate)",SL.TLF.CACT.FE.ZS,Russian Federation,RUS,58.8370018005371,54.6910018920898,55.9220008850098,56.1520004272461,56.0839996337891,55.7779998779297,55.7290000915527,55.5750007629395,55.7229995727539,55.3040008544922,54.9119987487793,54.507999420166
"Labor force participation rate, female (% of female population ages 15+) (modeled ILO estimate)",SL.TLF.CACT.FE.ZS,Samoa,WSM,24.9090003967285,25.0240001678467,24.3010005950928,24.1730003356934,24.1180000305176,24.0909996032715,24.011999130249,23.9160003662109,23.798999786377,23.7399997711182,23.6749992370605,23.5879993438721
"Labor force participation rate, female (% of female population ages 15+) (modeled ILO estimate)",SL.TLF.CACT.FE.ZS,Serbia,SRB,47.9609985351563,46.8720016479492,42.8790016174316,42.6380004882813,43.0149993896484,43.9500007629395,44.4269981384277,44.0719985961914,46.1370010375977,46.9599990844727,46.7560005187988,46.564998626709
"Labor force participation rate, female (% of female population ages 15+) (modeled ILO estimate)",SL.TLF.CACT.FE.ZS,South Africa,ZAF,42.6269989013672,49.0219993591309,44.7280006408691,45.1980018615723,45.4189987182617,46.3870010375977,46.6119995117188,47.8019981384277,47.7970008850098,48.9220008850098,48.8489990234375,48.7680015563965
"Labor force participation rate, female (% of female population ages 15+) (modeled ILO estimate)",SL.TLF.CACT.FE.ZS,Sri Lanka,LKA,45.5149993896484,37.2900009155273,34.7589988708496,34.5670013427734,32.8889999389648,35.6910018920898,34.7630004882813,34.7029991149902,34.7849998474121,34.9529991149902,34.859001159668,34.757999420166
"Labor force participation rate, female (% of female population ages 15+) (modeled ILO estimate)",SL.TLF.CACT.FE.ZS,St. Lucia,LCA,47.6080017089844,52.8079986572266,58.0709991455078,58.6030006408691,58.7729988098145,59.0260009765625,59.1479988098145,59.4970016479492,59.6720008850098,60.0149993896484,60.2089996337891,60.3559989929199
"Labor force participation rate, female (% of female population ages 15+) (modeled ILO estimate)",SL.TLF.CACT.FE.ZS,St. Vincent and the Grenadines,VCT,44.2540016174316,50.2929992675781,56.4160003662109,56.4869995117188,56.7080001831055,56.9389991760254,57.0429992675781,57.0719985961914,57.2060012817383,57.1959991455078,57.2789993286133,57.3139991760254
"Labor force participation rate, female (% of female population ages 15+) (modeled ILO estimate)",SL.TLF.CACT.FE.ZS,Suriname,SUR,34.0349998474121,34.132999420166,39.2569999694824,39.8030014038086,40.0309982299805,40.2669982910156,40.226001739502,39.8810005187988,39.2200012207031,39.0859985351563,39.2220001220703,39.3349990844727
"Labor force participation rate, female (% of female population ages 15+) (modeled ILO estimate)",SL.TLF.CACT.FE.ZS,Thailand,THA,67.1839981079102,65.8539962768555,63.8489990234375,65.963996887207,65.1719970703125,62.443000793457,61.4469985961914,60.9570007324219,60.0610008239746,59.7610015869141,59.4650001525879,59.1500015258789
"Labor force participation rate, female (% of female population ages 15+) (modeled ILO estimate)",SL.TLF.CACT.FE.ZS,Tonga,TON,35.8660011291504,44.1800003051758,45.3349990844727,45.306999206543,45.3160018920898,45.3580017089844,45.3230018615723,45.2299995422363,45.2449989318848,45.2519989013672,45.25,45.2099990844727
"Labor force participation rate, female (% of female population ages 15+) (modeled ILO estimate)",SL.TLF.CACT.FE.ZS,Turkey,TUR,34.0359992980957,26.2859992980957,27.0330009460449,28.3229999542236,28.878999710083,30.1019992828369,30.2430000305176,31.4750003814697,32.5069999694824,33.5719985961914,33.5200004577637,33.4580001831055
"Labor force participation rate, female (% of female population ages 15+) (modeled ILO estimate)",SL.TLF.CACT.FE.ZS,Turkmenistan,TKM,49.314998626709,51.7649993896484,52.4189987182617,52.5309982299805,52.6800003051758,52.8300018310547,52.9389991760254,52.9949989318848,52.9860000610352,52.9269981384277,52.7890014648438,52.6339988708496
"Labor force participation rate, female (% of female population ages 15+) (modeled ILO estimate)",SL.TLF.CACT.FE.ZS,Tuvalu,TUV,..,..,..,..,..,..,..,..,..,..,..,..
"Labor force participation rate, female (% of female population ages 15+) (modeled ILO estimate)",SL.TLF.CACT.FE.ZS,"Venezuela, RB",VEN,45.8250007629395,47.7280006408691,50.6199989318848,50.9959983825684,50.5839996337891,50.773998260498,50.5419998168945,50.1220016479492,48.7750015258789,47.6940002441406,47.7430000305176,47.7830009460449
,,,,,,,,,,,,,,,
,,,,,,,,,,,,,,,
,,,,,,,,,,,,,,,
Data from database: World Development Indicators,,,,,,,,,,,,,,,
Last Updated: 10/28/2019,,,,,,,,,,,,,,,
